{
  "level1trips":[[[	114.1055462	,	22.61750935	],[	114.1026965	,	22.54448331	]],
    [[	114.1317755	,	22.54888267	],[	114.1350574	,	22.55857069	]],
    [[	114.1320534	,	22.5761746	],[	114.1350574	,	22.55857069	]],
    [[	114.132981	,	22.58369509	],[	114.1350574	,	22.55857069	]],
    [[	113.8304502	,	22.63180114	],[	113.8581217	,	22.57816964	]],
    [[	113.8304502	,	22.63180114	],[	113.8823609	,	22.5576119	]],
    [[	114.0597013	,	22.52584307	],[	114.069273	,	22.515737	]],
    [[	114.0555585	,	22.62953521	],[	114.0748407	,	22.62945533	]],
    [[	113.9621318	,	22.54256655	],[	113.9804115	,	22.53640081	]]],

  "level2trips":[[[	114.108714	,	22.61073228	],[	114.132981	,	22.58369509	]],
    [[	114.1252106	,	22.60969218	],[	114.1249717	,	22.56997986	]],
    [[	114.1113944	,	22.5871314	],[	114.0627052	,	22.55134732	]],
    [[	114.1350574	,	22.55857069	],[	114.0449302	,	22.54939998	]],
    [[	114.1320534	,	22.5761746	],[	114.0449302	,	22.54939998	]],
    [[	113.9916654	,	22.53528408	],[	113.9804115	,	22.53640081	]],
    [[	114.0800042	,	22.54314413	],[	114.1026965	,	22.54448331	]],
    [[	114.1350574	,	22.55857069	],[	114.132981	,	22.58369509	]],
    [[	113.8883579	,	22.56274041	],[	113.9057221	,	22.57759187	]],
    [[	114.0461005	,	22.5191112	],[	114.0485087	,	22.52643416	]],
    [[	114.0461005	,	22.5191112	],[	114.0816179	,	22.55166365	]],
    [[	114.1175709	,	22.55193127	],[	114.0627052	,	22.55134732	]],
    [[	114.1026965	,	22.54448331	],[	114.0449302	,	22.54939998	]],
    [[	114.0461005	,	22.5191112	],[	114.0911477	,	22.55180684	]],
    [[	114.1252106	,	22.60969218	],[	114.1249594	,	22.55898186	]],
    [[	114.2131716	,	22.66182546	],[	114.2194497	,	22.6759128	]],
    [[	113.8418249	,	22.60435422	],[	113.8581217	,	22.57816964	]],
    [[	114.1164726	,	22.60445142	],[	114.1877995	,	22.64197651	]],
    [[	113.9691478	,	22.53990789	],[	114.1026965	,	22.54448331	]],
    [[	114.1317755	,	22.54888267	],[	114.1026965	,	22.54448331	]],
    [[	114.1332986	,	22.61689595	],[	114.1026965	,	22.54448331	]],
    [[	114.1252106	,	22.60969218	],[	114.1026965	,	22.54448331	]],
    [[	114.132981	,	22.58369509	],[	114.1320534	,	22.5761746	]],
    [[	113.8174792	,	22.65015325	],[	113.9057221	,	22.57759187	]],
    [[	114.1249717	,	22.56997986	],[	114.1249594	,	22.55898186	]],
    [[	114.1113944	,	22.5871314	],[	114.0449302	,	22.54939998	]],
    [[	114.1164726	,	22.60445142	],[	114.1317755	,	22.54888267	]],
    [[	114.1055462	,	22.61750935	],[	114.132981	,	22.58369509	]],
    [[	113.9102126	,	22.53528213	],[	113.9057221	,	22.57759187	]],
    [[	114.1113944	,	22.5871314	],[	114.1249717	,	22.56997986	]],
    [[	114.1332986	,	22.61689595	],[	114.1135672	,	22.53477374	]],
    [[	114.037395	,	22.60431655	],[	114.0542852	,	22.5632512	]],
    [[	114.1203492	,	22.54698349	],[	114.0641157	,	22.543637	]],
    [[	114.1164726	,	22.60445142	],[	114.1252495	,	22.59813888	]],
    [[	114.1113944	,	22.5871314	],[	114.0898205	,	22.54329959	]],
    [[	114.1317755	,	22.54888267	],[	114.132981	,	22.58369509	]],
    [[	114.043704	,	22.5968736	],[	114.0542852	,	22.5632512	]],
    [[	114.1164726	,	22.60445142	],[	114.1026965	,	22.54448331	]],
    [[	114.0461005	,	22.5191112	],[	114.0627052	,	22.55134732	]],
    [[	114.1437288	,	22.55041717	],[	114.0449302	,	22.54939998	]],
    [[	113.8418249	,	22.60435422	],[	113.8757496	,	22.56378347	]],
    [[	114.1332986	,	22.61689595	],[	114.1252495	,	22.59813888	]],
    [[	114.132981	,	22.58369509	],[	114.0449302	,	22.54939998	]],
    [[	114.108714	,	22.61073228	],[	114.1350574	,	22.55857069	]],
    [[	113.9102126	,	22.53528213	],[	113.9199961	,	22.53539919	]],
    [[	114.2194497	,	22.6759128	],[	114.2131716	,	22.66182546	]],
    [[	113.9621318	,	22.54256655	],[	114.1026965	,	22.54448331	]],
    [[	114.1055462	,	22.61750935	],[	114.1350574	,	22.55857069	]],
    [[	114.132981	,	22.58369509	],[	114.1026965	,	22.54448331	]],
    [[	114.1113944	,	22.5871314	],[	114.1026965	,	22.54448331	]],
    [[	113.8304502	,	22.63180114	],[	113.8757496	,	22.56378347	]],
    [[	114.0385341	,	22.55618336	],[	114.0449302	,	22.54939998	]],
    [[	114.1317755	,	22.54888267	],[	114.0641157	,	22.543637	]],
    [[	114.03145	,	22.66683053	],[	113.9057221	,	22.57759187	]],
    [[	114.0173621	,	22.6544149	],[	113.9057221	,	22.57759187	]],
    [[	114.1332986	,	22.61689595	],[	114.1249594	,	22.55898186	]],
    [[	114.1113944	,	22.5871314	],[	114.1249594	,	22.55898186	]],
    [[	114.1320534	,	22.5761746	],[	114.132981	,	22.58369509	]],
    [[	114.1332986	,	22.61689595	],[	114.1249717	,	22.56997986	]],
    [[	114.1164726	,	22.60445142	],[	114.132981	,	22.58369509	]],
    [[	114.1203492	,	22.54698349	],[	114.0449302	,	22.54939998	]],
    [[	113.9691478	,	22.53990789	],[	113.9804115	,	22.53640081	]],
    [[	114.0555585	,	22.62953521	],[	114.0657211	,	22.63017049	]],
    [[	114.108714	,	22.61073228	],[	114.1026965	,	22.54448331	]],
    [[	114.1055462	,	22.61750935	],[	114.0748407	,	22.62945533	]],
    [[	113.8418249	,	22.60435422	],[	113.8823609	,	22.5576119	]],
    [[	114.1164726	,	22.60445142	],[	114.1350574	,	22.55857069	]],
    [[	114.1317755	,	22.54888267	],[	114.0449302	,	22.54939998	]]],